<metadata xml:lang="en"><Esri><CreaDate>20180928</CreaDate><CreaTime>20015700</CreaTime><ArcGISFormat>1.0</ArcGISFormat><SyncOnce>FALSE</SyncOnce><DataProperties><itemProps><itemName Sync="TRUE">United_Kingdom_Fish_Landings_by_ICES_Rectangle_all_vessels_2016</itemName><imsContentType Sync="TRUE">002</imsContentType><itemLocation><linkage Sync="TRUE">file://\\EX012965\C$\Temp\MMO\UnitedKingdomFishLandingsbyICESRectangleAllVessels2016\SHP\data\United_Kingdom_Fish_Landings_by_ICES_Rectangle_all_vessels_2016.shp</linkage><protocol Sync="TRUE">Local Area Network</protocol></itemLocation><itemSize Sync="TRUE">0.000</itemSize></itemProps><coordRef><type Sync="TRUE">Geographic</type><geogcsn Sync="TRUE">GCS_ETRS_1989</geogcsn><csUnits Sync="TRUE">Angular Unit: Degree (0.017453)</csUnits><peXml Sync="TRUE">&lt;GeographicCoordinateSystem xsi:type='typens:GeographicCoordinateSystem' xmlns:xsi='http://www.w3.org/2001/XMLSchema-instance' xmlns:xs='http://www.w3.org/2001/XMLSchema' xmlns:typens='http://www.esri.com/schemas/ArcGIS/10.6'&gt;&lt;WKT&gt;GEOGCS[&amp;quot;GCS_ETRS_1989&amp;quot;,DATUM[&amp;quot;D_ETRS_1989&amp;quot;,SPHEROID[&amp;quot;GRS_1980&amp;quot;,6378137.0,298.257222101]],PRIMEM[&amp;quot;Greenwich&amp;quot;,0.0],UNIT[&amp;quot;Degree&amp;quot;,0.0174532925199433],AUTHORITY[&amp;quot;EPSG&amp;quot;,4258]]&lt;/WKT&gt;&lt;XOrigin&gt;-400&lt;/XOrigin&gt;&lt;YOrigin&gt;-400&lt;/YOrigin&gt;&lt;XYScale&gt;11258999068426.238&lt;/XYScale&gt;&lt;ZOrigin&gt;-100000&lt;/ZOrigin&gt;&lt;ZScale&gt;10000&lt;/ZScale&gt;&lt;MOrigin&gt;-100000&lt;/MOrigin&gt;&lt;MScale&gt;10000&lt;/MScale&gt;&lt;XYTolerance&gt;8.9831528411952133e-09&lt;/XYTolerance&gt;&lt;ZTolerance&gt;0.001&lt;/ZTolerance&gt;&lt;MTolerance&gt;0.001&lt;/MTolerance&gt;&lt;HighPrecision&gt;true&lt;/HighPrecision&gt;&lt;LeftLongitude&gt;-180&lt;/LeftLongitude&gt;&lt;WKID&gt;4258&lt;/WKID&gt;&lt;LatestWKID&gt;4258&lt;/LatestWKID&gt;&lt;/GeographicCoordinateSystem&gt;</peXml></coordRef><lineage><Process ToolSource="c:\program files (x86)\arcgis\desktop10.6\ArcToolbox\Toolboxes\Conversion Tools.tbx\FeatureClassToFeatureClass" Date="20181108" Time="115558">FeatureClassToFeatureClass United_Kingdom_Fish_Landings_by_ICES_Rectangle_all_vessels_2016 C:\Temp\MMO\UnitedKingdomFishLandingsbyICESRectangleAllVessels2016\SHP\data United_Kingdom_Fish_Landings_by_ICES_Rectangle_all_vessels_2016.shp # "year "year" true true false 8 Double 8 38 ,First,#,United_Kingdom_Fish_Landings_by_ICES_Rectangle_all_vessels_2016,year,-1,-1;id "id" true true false 254 Text 0 0 ,First,#,United_Kingdom_Fish_Landings_by_ICES_Rectangle_all_vessels_2016,id,-1,-1;totkwdays "totkwdays" true true false 8 Double 8 38 ,First,#,United_Kingdom_Fish_Landings_by_ICES_Rectangle_all_vessels_2016,totkwdays,-1,-1;mobkwdays "mobkwdays" true true false 8 Double 8 38 ,First,#,United_Kingdom_Fish_Landings_by_ICES_Rectangle_all_vessels_2016,mobkwdays,-1,-1;passkwdays "passkwdays" true true false 8 Double 8 38 ,First,#,United_Kingdom_Fish_Landings_by_ICES_Rectangle_all_vessels_2016,passkwdays,-1,-1;totqty "totqty" true true false 8 Double 8 38 ,First,#,United_Kingdom_Fish_Landings_by_ICES_Rectangle_all_vessels_2016,totqty,-1,-1;mobqty "mobqty" true true false 8 Double 8 38 ,First,#,United_Kingdom_Fish_Landings_by_ICES_Rectangle_all_vessels_2016,mobqty,-1,-1;passqty "passqty" true true false 8 Double 8 38 ,First,#,United_Kingdom_Fish_Landings_by_ICES_Rectangle_all_vessels_2016,passqty,-1,-1;totval "totval" true true false 8 Double 8 38 ,First,#,United_Kingdom_Fish_Landings_by_ICES_Rectangle_all_vessels_2016,totval,-1,-1;mobval "mobval" true true false 8 Double 8 38 ,First,#,United_Kingdom_Fish_Landings_by_ICES_Rectangle_all_vessels_2016,mobval,-1,-1;passval "passval" true true false 8 Double 8 38 ,First,#,United_Kingdom_Fish_Landings_by_ICES_Rectangle_all_vessels_2016,passval,-1,-1;st_area_sh "st_area_sh" false true true 0 Double 0 0 ,First,#,United_Kingdom_Fish_Landings_by_ICES_Rectangle_all_vessels_2016,st_area(shape),-1,-1;st_perimet "st_perimet" false true true 0 Double 0 0 ,First,#,United_Kingdom_Fish_Landings_by_ICES_Rectangle_all_vessels_2016,st_perimeter(shape),-1,-1" #</Process></lineage></DataProperties><SyncDate>20181108</SyncDate><SyncTime>11555600</SyncTime><ModDate>20181108</ModDate><ModTime>11555600</ModTime></Esri><dataIdInfo><envirDesc Sync="TRUE"> Version 6.2 (Build 9200) ; Esri ArcGIS 10.6.1.9270</envirDesc><dataLang><languageCode value="eng" Sync="TRUE"></languageCode><countryCode value="GBR" Sync="TRUE"></countryCode></dataLang><idCitation><resTitle Sync="TRUE">United_Kingdom_Fish_Landings_by_ICES_Rectangle_all_vessels_2016</resTitle><presForm><PresFormCd value="005" Sync="TRUE"></PresFormCd></presForm></idCitation><spatRpType><SpatRepTypCd value="001" Sync="TRUE"></SpatRepTypCd></spatRpType></dataIdInfo><mdLang><languageCode value="eng" Sync="TRUE"></languageCode><countryCode value="GBR" Sync="TRUE"></countryCode></mdLang><distInfo><distFormat><formatName Sync="TRUE">Shapefile</formatName></distFormat><distTranOps><transSize Sync="TRUE">0.000</transSize></distTranOps></distInfo><mdHrLv><ScopeCd value="005" Sync="TRUE"></ScopeCd></mdHrLv><mdHrLvName Sync="TRUE">dataset</mdHrLvName><refSysInfo><RefSystem><refSysID><identCode code="4258" Sync="TRUE"></identCode><idCodeSpace Sync="TRUE">EPSG</idCodeSpace><idVersion Sync="TRUE">9.1.1(4.0.0)</idVersion></refSysID></RefSystem></refSysInfo><spatRepInfo><VectSpatRep><geometObjs Name="United_Kingdom_Fish_Landings_by_ICES_Rectangle_all_vessels_2016"><geoObjTyp><GeoObjTypCd value="002" Sync="TRUE"></GeoObjTypCd></geoObjTyp><geoObjCnt Sync="TRUE">0</geoObjCnt></geometObjs><topLvl><TopoLevCd value="001" Sync="TRUE"></TopoLevCd></topLvl></VectSpatRep></spatRepInfo><spdoinfo><ptvctinf><esriterm Name="United_Kingdom_Fish_Landings_by_ICES_Rectangle_all_vessels_2016"><efeatyp Sync="TRUE">Simple</efeatyp><efeageom code="4" Sync="TRUE"></efeageom><esritopo Sync="TRUE">FALSE</esritopo><efeacnt Sync="TRUE">0</efeacnt><spindex Sync="TRUE">FALSE</spindex><linrefer Sync="TRUE">FALSE</linrefer></esriterm></ptvctinf></spdoinfo><eainfo><detailed Name="United_Kingdom_Fish_Landings_by_ICES_Rectangle_all_vessels_2016"><enttyp><enttypl Sync="TRUE">United_Kingdom_Fish_Landings_by_ICES_Rectangle_all_vessels_2016</enttypl><enttypt Sync="TRUE">Feature Class</enttypt><enttypc Sync="TRUE">0</enttypc></enttyp><attr><attrlabl Sync="TRUE">FID</attrlabl><attalias Sync="TRUE">FID</attalias><attrtype Sync="TRUE">OID</attrtype><attwidth Sync="TRUE">4</attwidth><atprecis Sync="TRUE">0</atprecis><attscale Sync="TRUE">0</attscale><attrdef Sync="TRUE">Internal feature number.</attrdef><attrdefs Sync="TRUE">Esri</attrdefs><attrdomv><udom Sync="TRUE">Sequential unique whole numbers that are automatically generated.</udom></attrdomv></attr><attr><attrlabl Sync="TRUE">year</attrlabl><attalias Sync="TRUE">year</attalias><attrtype Sync="TRUE">Double</attrtype><attwidth Sync="TRUE">19</attwidth><atprecis Sync="TRUE">18</atprecis><attscale Sync="TRUE">8</attscale></attr><attr><attrlabl Sync="TRUE">id</attrlabl><attalias Sync="TRUE">id</attalias><attrtype Sync="TRUE">String</attrtype><attwidth Sync="TRUE">254</attwidth><atprecis Sync="TRUE">0</atprecis><attscale Sync="TRUE">0</attscale></attr><attr><attrlabl Sync="TRUE">totkwdays</attrlabl><attalias Sync="TRUE">totkwdays</attalias><attrtype Sync="TRUE">Double</attrtype><attwidth Sync="TRUE">19</attwidth><atprecis Sync="TRUE">18</atprecis><attscale Sync="TRUE">8</attscale></attr><attr><attrlabl Sync="TRUE">mobkwdays</attrlabl><attalias Sync="TRUE">mobkwdays</attalias><attrtype Sync="TRUE">Double</attrtype><attwidth Sync="TRUE">19</attwidth><atprecis Sync="TRUE">18</atprecis><attscale Sync="TRUE">8</attscale></attr><attr><attrlabl Sync="TRUE">passkwdays</attrlabl><attalias Sync="TRUE">passkwdays</attalias><attrtype Sync="TRUE">Double</attrtype><attwidth Sync="TRUE">19</attwidth><atprecis Sync="TRUE">18</atprecis><attscale Sync="TRUE">8</attscale></attr><attr><attrlabl Sync="TRUE">totqty</attrlabl><attalias Sync="TRUE">totqty</attalias><attrtype Sync="TRUE">Double</attrtype><attwidth Sync="TRUE">19</attwidth><atprecis Sync="TRUE">18</atprecis><attscale Sync="TRUE">8</attscale></attr><attr><attrlabl Sync="TRUE">mobqty</attrlabl><attalias Sync="TRUE">mobqty</attalias><attrtype Sync="TRUE">Double</attrtype><attwidth Sync="TRUE">19</attwidth><atprecis Sync="TRUE">18</atprecis><attscale Sync="TRUE">8</attscale></attr><attr><attrlabl Sync="TRUE">passqty</attrlabl><attalias Sync="TRUE">passqty</attalias><attrtype Sync="TRUE">Double</attrtype><attwidth Sync="TRUE">19</attwidth><atprecis Sync="TRUE">18</atprecis><attscale Sync="TRUE">8</attscale></attr><attr><attrlabl Sync="TRUE">totval</attrlabl><attalias Sync="TRUE">totval</attalias><attrtype Sync="TRUE">Double</attrtype><attwidth Sync="TRUE">19</attwidth><atprecis Sync="TRUE">18</atprecis><attscale Sync="TRUE">8</attscale></attr><attr><attrlabl Sync="TRUE">mobval</attrlabl><attalias Sync="TRUE">mobval</attalias><attrtype Sync="TRUE">Double</attrtype><attwidth Sync="TRUE">19</attwidth><atprecis Sync="TRUE">18</atprecis><attscale Sync="TRUE">8</attscale></attr><attr><attrlabl Sync="TRUE">passval</attrlabl><attalias Sync="TRUE">passval</attalias><attrtype Sync="TRUE">Double</attrtype><attwidth Sync="TRUE">19</attwidth><atprecis Sync="TRUE">18</atprecis><attscale Sync="TRUE">8</attscale></attr><attr><attrlabl Sync="TRUE">shape</attrlabl><attalias Sync="TRUE">Shape</attalias><attrtype Sync="TRUE">Geometry</attrtype><attwidth Sync="TRUE">0</attwidth><atprecis Sync="TRUE">0</atprecis><attscale Sync="TRUE">0</attscale><attrdef Sync="TRUE">Feature geometry.</attrdef><attrdefs Sync="TRUE">Esri</attrdefs><attrdomv><udom Sync="TRUE">Coordinates defining the features.</udom></attrdomv></attr><attr><attrlabl Sync="TRUE">st_area_sh</attrlabl><attalias Sync="TRUE">st_area_sh</attalias><attrtype Sync="TRUE">Double</attrtype><attwidth Sync="TRUE">19</attwidth><atprecis Sync="TRUE">0</atprecis><attscale Sync="TRUE">0</attscale></attr><attr><attrlabl Sync="TRUE">st_perimet</attrlabl><attalias Sync="TRUE">st_perimet</attalias><attrtype Sync="TRUE">Double</attrtype><attwidth Sync="TRUE">19</attwidth><atprecis Sync="TRUE">0</atprecis><attscale Sync="TRUE">0</attscale></attr></detailed></eainfo><mdDateSt Sync="TRUE">20181108</mdDateSt></metadata>
