<?xml version="1.0" encoding="UTF-8"?>
<metadata xml:lang="en"><Esri><CreaDate>20201218</CreaDate><CreaTime>10314800</CreaTime><ArcGISFormat>1.0</ArcGISFormat><ArcGISstyle>INSPIRE Metadata Directive</ArcGISstyle><SyncOnce>FALSE</SyncOnce><DataProperties><lineage><Process ToolSource="c:\programs\arcgis\desktop10.1\ArcToolbox\Toolboxes\Data Management Tools.tbx\CalculateField" Date="20200930" Time="125655" Name="" export="">CalculateField c20200930_OffshoreMPAs_WGS84_Repaired Agency "NatureScot" VB #</Process><Process ToolSource="c:\programs\arcgis\desktop10.1\ArcToolbox\Toolboxes\Data Management Tools.tbx\CalculateField" Date="20200930" Time="125712" Name="" export="">CalculateField c20200930_OffshoreMPAs_WGS84_Repaired Agency "JNCC and NatureScot" VB #</Process><Process ToolSource="c:\programs\arcgis\desktop10.1\ArcToolbox\Toolboxes\Data Management Tools.tbx\Merge" Date="20201215" Time="133412" Name="" export="">Merge c20200930_OffshoreMPAs_WGS84;c20201214_AllSites_WGS84 J:\GISprojects\Marine\MPARefDataPrep\2020\20201203_SPA\c20201214_OffshoreMPAs_WGS84.shp "SITE_CODE "SITE_CODE" true true false 254 Text 0 0 ,First,#,c20200930_OffshoreMPAs_WGS84,SITE_CODE,-1,-1;SITE_NAME "SITE_NAME" true true false 254 Text 0 0 ,First,#,c20200930_OffshoreMPAs_WGS84,SITE_NAME,-1,-1;SITE_STATU "SITE_STATU" true true false 254 Text 0 0 ,First,#,c20200930_OffshoreMPAs_WGS84,SITE_STATU,-1,-1;Country "Country" true true false 254 Text 0 0 ,First,#,c20200930_OffshoreMPAs_WGS84,Country,-1,-1;CP2_REGION "CP2_REGION" true true false 254 Text 0 0 ,First,#,c20200930_OffshoreMPAs_WGS84,CP2_REGION,-1,-1;AREA_HA "AREA_HA" true true false 26 Double 15 25 ,First,#,c20200930_OffshoreMPAs_WGS84,AREA_HA,-1,-1;LONG_dd "LONG_dd" true true false 19 Double 11 18 ,First,#,c20200930_OffshoreMPAs_WGS84,LONG_dd,-1,-1;LAT_dd "LAT_dd" true true false 19 Double 11 18 ,First,#,c20200930_OffshoreMPAs_WGS84,LAT_dd,-1,-1;Agency "Agency" true true false 254 Text 0 0 ,First,#,c20200930_OffshoreMPAs_WGS84,Agency,-1,-1;PreDesCode "PreDesCode" true true false 254 Text 0 0 ,First,#,c20200930_OffshoreMPAs_WGS84,PreDesCode,-1,-1;WDPA_CODE "WDPA_CODE" true true false 50 Text 0 0 ,First,#,c20200930_OffshoreMPAs_WGS84,WDPA_CODE,-1,-1;NonMarFeat "NonMarFeat" true true false 254 Text 0 0 ,First,#,c20200930_OffshoreMPAs_WGS84,NonMarFeat,-1,-1;EST_DATE "EST_DATE" true true false 50 Text 0 0 ,First,#,c20200930_OffshoreMPAs_WGS84,EST_DATE,-1,-1;LabelNo "LabelNo" true true false 9 Long 0 9 ,First,#,c20200930_OffshoreMPAs_WGS84,LabelNo,-1,-1;NAME "NAME" true true false 254 Text 0 0 ,First,#,c20201214_AllSites_WGS84,NAME,-1,-1;Desig "Desig" true true false 50 Text 0 0 ,First,#,c20201214_AllSites_WGS84,Desig,-1,-1;Code "Code" true true false 50 Text 0 0 ,First,#,c20201214_AllSites_WGS84,Code,-1,-1"</Process><Process ToolSource="c:\programs\arcgis\desktop10.1\ArcToolbox\Toolboxes\Data Management Tools.tbx\CalculateField" Date="20201217" Time="092802" Name="" export="">CalculateField c20201214_OffshoreMPAs_WGS84 AREA_HA "399469" VB #</Process><Process ToolSource="c:\programs\arcgis\desktop10.1\ArcToolbox\Toolboxes\Data Management Tools.tbx\CalculateField" Date="20201217" Time="092819" Name="" export="">CalculateField c20201214_OffshoreMPAs_WGS84 NonMarFeat "No" VB #</Process><Process ToolSource="c:\programs\arcgis\desktop10.1\ArcToolbox\Toolboxes\Data Management Tools.tbx\CalculateField" Date="20201218" Time="104757">CalculateField c20201214_OffshoreMPAs_WGS84 EST_DATE "03-12-2020" VB #</Process></lineage><itemProps><itemName Sync="TRUE">c20201214_OffshoreMPAs_WGS84</itemName><imsContentType Sync="TRUE">002</imsContentType><nativeExtBox><westBL Sync="TRUE">-19.250000</westBL><eastBL Sync="TRUE">3.249861</eastBL><southBL Sync="TRUE">48.166667</southBL><northBL Sync="TRUE">63.887067</northBL><exTypeCode Sync="TRUE">1</exTypeCode></nativeExtBox><itemSize Sync="TRUE">25.096</itemSize><itemLocation><linkage Sync="TRUE">file://\\jncc-corpfile\gis\Reference\ProtectedAreas\Offshore_MPAs\c20201214_OffshoreMPAs_WGS84.shp</linkage><protocol Sync="TRUE">Local Area Network</protocol></itemLocation></itemProps><coordRef><type Sync="TRUE">Geographic</type><geogcsn Sync="TRUE">GCS_WGS_1984</geogcsn><csUnits Sync="TRUE">Angular Unit: Degree (0.017453)</csUnits><peXml Sync="TRUE">&lt;GeographicCoordinateSystem xsi:type='typens:GeographicCoordinateSystem' xmlns:xsi='http://www.w3.org/2001/XMLSchema-instance' xmlns:xs='http://www.w3.org/2001/XMLSchema' xmlns:typens='http://www.esri.com/schemas/ArcGIS/10.1'&gt;&lt;WKT&gt;GEOGCS[&amp;quot;GCS_WGS_1984&amp;quot;,DATUM[&amp;quot;D_WGS_1984&amp;quot;,SPHEROID[&amp;quot;WGS_1984&amp;quot;,6378137.0,298.257223563]],PRIMEM[&amp;quot;Greenwich&amp;quot;,0.0],UNIT[&amp;quot;Degree&amp;quot;,0.0174532925199433],METADATA[&amp;quot;World&amp;quot;,-180.0,-90.0,180.0,90.0,0.0,0.0174532925199433,0.0,1262],AUTHORITY[&amp;quot;EPSG&amp;quot;,4326]]&lt;/WKT&gt;&lt;XOrigin&gt;-400&lt;/XOrigin&gt;&lt;YOrigin&gt;-400&lt;/YOrigin&gt;&lt;XYScale&gt;11258999068426.238&lt;/XYScale&gt;&lt;ZOrigin&gt;-100000&lt;/ZOrigin&gt;&lt;ZScale&gt;10000&lt;/ZScale&gt;&lt;MOrigin&gt;-100000&lt;/MOrigin&gt;&lt;MScale&gt;10000&lt;/MScale&gt;&lt;XYTolerance&gt;8.983152841195215e-009&lt;/XYTolerance&gt;&lt;ZTolerance&gt;0.001&lt;/ZTolerance&gt;&lt;MTolerance&gt;0.001&lt;/MTolerance&gt;&lt;HighPrecision&gt;true&lt;/HighPrecision&gt;&lt;LeftLongitude&gt;-180&lt;/LeftLongitude&gt;&lt;WKID&gt;4326&lt;/WKID&gt;&lt;LatestWKID&gt;4326&lt;/LatestWKID&gt;&lt;/GeographicCoordinateSystem&gt;</peXml></coordRef><copyHistory><copy source="J:\GISprojects\Marine\MPARefDataPrep\2020\20201203_MPA\c20201214_OffshoreMPAs_WGS84" dest="\\jncc-corpfile\gis\Reference\ProtectedAreas\Offshore_MPAs\c20201214_OffshoreMPAs_WGS84" date="20201218" time="10314800"/></copyHistory></DataProperties><SyncDate>20201218</SyncDate><SyncTime>10390900</SyncTime><ModDate>20201218</ModDate><ModTime>10390900</ModTime><scaleRange><minScale>150000000</minScale><maxScale>5000</maxScale></scaleRange><ArcGISProfile>INSPIRE</ArcGISProfile></Esri><dataIdInfo><envirDesc Sync="TRUE"> Version 6.2 (Build 9200) ; Esri ArcGIS 10.1.1.3143</envirDesc><dataLang><languageCode value="eng" Sync="TRUE"/><countryCode value="GBR" Sync="TRUE"/></dataLang><idCitation><resTitle Sync="FALSE">c20200930_OffshoreMPAs_WGS84</resTitle><presForm><PresFormCd value="005" Sync="TRUE"/></presForm></idCitation><spatRpType><SpatRepTypCd value="001" Sync="TRUE"/></spatRpType><dataExt><geoEle xmlns=""><GeoBndBox esriExtentType="search"><exTypeCode Sync="TRUE">1</exTypeCode><westBL Sync="TRUE">-19.250000</westBL><eastBL Sync="TRUE">3.249861</eastBL><northBL Sync="TRUE">63.887067</northBL><southBL Sync="TRUE">48.166667</southBL></GeoBndBox></geoEle></dataExt><idPurp>This UK Offshore Marine Protected Areas (MPA) layer contains the site boundaries and attribute information of offshore MPAs designated in UK waters (beyond 12 nautical miles). Last updated 14th December 2020. </idPurp><idAbs>&lt;DIV STYLE="text-align:Left;"&gt;&lt;DIV&gt;&lt;DIV&gt;&lt;P&gt;&lt;SPAN&gt;&lt;SPAN&gt;This layer contains site boundaries and attribute data on Offshore Marine Protected Areas (MPA) in UK waters. &lt;/SPAN&gt;&lt;/SPAN&gt;&lt;/P&gt;&lt;P&gt;&lt;SPAN&gt;&lt;SPAN&gt;This layer is projected in WGS 1984 Geographic Coordinate System. Please see the ‘read me’ in the UK Offshore MPAs spreadsheet in for an explanation of the attribute table columns, and for further background information. We strongly recommend referring to this information before filtering data in this layer.&lt;/SPAN&gt;&lt;/SPAN&gt;&lt;/P&gt;&lt;P&gt;&lt;SPAN&gt;Note that &lt;/SPAN&gt;&lt;SPAN&gt;&lt;SPAN&gt;SACs are listed in the Site Status column as either candidate SAC (cSAC) Site of Community Importance (SCI) or SAC depending on their stage in the designation process (&lt;/SPAN&gt;&lt;/SPAN&gt;&lt;SPAN&gt;&lt;SPAN&gt;http://data.jncc.gov.uk/data/5dc040a7-cf45-49d9-986c-f272a2ec9d91/Offshore-SAC-Designation-Process-web.pdf&lt;/SPAN&gt;&lt;/SPAN&gt;&lt;SPAN&gt;&lt;SPAN&gt;). &lt;/SPAN&gt;&lt;/SPAN&gt;&lt;SPAN&gt;MCZs in UK offshore waters currently comprise those designated by the Secretary of State (SoS) in England inshore, England offshore and Northern Ireland offshore waters ("MCZ - Secretary of State").&lt;/SPAN&gt;&lt;/P&gt;&lt;P STYLE="margin:0 0 0 0;"&gt;&lt;SPAN&gt;&lt;SPAN&gt;Site areas are in hectares, originating from a range of sources and projections according to designation type. SAC and SPA site areas are the values on the official site Standard Data Forms (calculated on a site-by-site basis). Nautre Conservation MPA site areas are the values given in the NautreScot and JNCC Site Summary Documents at designation in July 2014. Areas for SoS Tranche One offshore MCZs (designated November 2013) are the values given in the JNCC Site Summary Documents at designation in November 2013. Areas for SoS Tranche Two MCZs (designated January 2016) were calculated on a site-by-site basis in WGS 84 UTM Zone 29N-31N projections. Areas of SoS Tranche Three MCZs (designated May 2019) were calculated by JNCC on a site-by-site basis in either Albers Equal Area Conic (50.2N and 61.2N standard parallels) for offshore sites and joint inshore/offshore sites advised on by JNCC, or British National Grid for joint inshore/offshore sites advised on by Natural England. The Area of the West of Scotland site was calculated in ETRS1989 Lambert Azimuthal Equal-Area (EPSG: 3035).&lt;/SPAN&gt;&lt;/SPAN&gt;&lt;/P&gt;&lt;P&gt;&lt;SPAN&gt;This version (&lt;/SPAN&gt;&lt;SPAN&gt;20201214) &lt;/SPAN&gt;&lt;SPAN&gt;includes the following updates:&lt;/SPAN&gt;&lt;/P&gt;&lt;P&gt;&lt;SPAN&gt;-&lt;/SPAN&gt;&lt;SPAN /&gt;&lt;SPAN&gt;Addition of 3 new &lt;/SPAN&gt;&lt;SPAN&gt;joint inshore/offshore &lt;/SPAN&gt;&lt;SPAN&gt;SPAs - Seas off St Kilda SPA, Seas off Foula SPA, Outer Firth of Forth and St Andrews Bay Complex SPA&lt;/SPAN&gt;&lt;SPAN&gt;.&lt;/SPAN&gt;&lt;/P&gt;&lt;P&gt;&lt;SPAN&gt;&lt;SPAN&gt;Details of changes made in previous versions:&lt;/SPAN&gt;&lt;/SPAN&gt;&lt;/P&gt;&lt;P&gt;&lt;SPAN&gt;Version - &lt;/SPAN&gt;&lt;SPAN&gt;2020&lt;/SPAN&gt;&lt;SPAN&gt;0930&lt;/SPAN&gt;&lt;SPAN&gt;: &lt;/SPAN&gt;&lt;SPAN&gt;Addition of West of Scotland MPA site and feature information. Removal of Rosemary Bank Seamount Nature Conservation MPA which has been replaced by West of Scotland MPA. Addition of WDPA codes for the Tranche 3 MCZ sites designated in 2019. &lt;/SPAN&gt;&lt;SPAN&gt;Update of Scottish agency from SNH to NatureScot. &lt;/SPAN&gt;&lt;/P&gt;&lt;P&gt;&lt;SPAN&gt;Version&lt;/SPAN&gt;&lt;SPAN /&gt;&lt;SPAN&gt;-&lt;/SPAN&gt;&lt;SPAN /&gt;&lt;SPAN&gt;20190905:Change of status for Croker Carbonate Slabs from cSAC/SCI to fully designated SAC.&lt;/SPAN&gt;&lt;/P&gt;&lt;P&gt;&lt;SPAN&gt;Version&lt;/SPAN&gt;&lt;SPAN /&gt;&lt;SPAN&gt;-&lt;/SPAN&gt;&lt;SPAN /&gt;&lt;SPAN&gt;20190531:Addition of 16 offshore and joint inshore/offshore SoS Tranche ThreeMCZs: Cape Bank, East of Start Point, Holderness Offshore, Inner Bank, Kentish Knock East, Orford Inshore, South of the Isles of Scilly, South-West Approaches to Bristol Channel, Markham's Triangle, North-East of Haig Fras, Queenie Corner, South of Celtic Deep, South Rigg, South-West Deeps (East), West of Copeland, and West of Wight-Barfleur.&lt;/SPAN&gt;&lt;/P&gt;&lt;P&gt;&lt;SPAN&gt;Version&lt;/SPAN&gt;&lt;SPAN /&gt;&lt;SPAN&gt;-&lt;/SPAN&gt;&lt;SPAN /&gt;&lt;SPAN&gt;20190225: Change of status for 5 sites from cSAC/SCIs to fully designated SACs: Bristol Channel Approaches / Dynesfeydd Môr Hafren, North Anglesey Marine / Gogledd Môn Forol, North Channel, Southern North Sea and West Wales Marine / Gorllewin Cymru Forol.&lt;/SPAN&gt;&lt;/P&gt;&lt;P&gt;&lt;SPAN&gt;Version&lt;/SPAN&gt;&lt;SPAN /&gt;&lt;SPAN&gt;-&lt;/SPAN&gt;&lt;SPAN /&gt;&lt;SPAN&gt;20180927:Addition of Greater Wash SPA. Update to the site boundary and attribute information for Braemar Pockmarks and Scanner Pockmark SACs.&lt;/SPAN&gt;&lt;/P&gt;&lt;P&gt;&lt;SPAN&gt;Version&lt;/SPAN&gt;&lt;SPAN /&gt;&lt;SPAN&gt;-&lt;/SPAN&gt;&lt;SPAN /&gt;&lt;SPAN&gt;20180501: Update to the status of the following sites as cSACs/SCIs; Southern North Sea, Bristol Channel Approaches / Dynesfeydd Môr Hafren, West Wales Marine / Gorllewin Cymru Forol, North Anglesey Marine / Gogledd Môn Forol and North Channel.&lt;/SPAN&gt;&lt;/P&gt;&lt;P&gt;&lt;SPAN&gt;&lt;SPAN&gt;Version - 20171211: New addition of Irish Sea Front SPA. New inclusion of Liverpool Bay SPA following a boundary extension. Attribute data and/or boundary changes to Outer Thames Estuary SPA, Poole Harbour SPA, and Croker Carbonate Slabs cSAC/SCI.Update to the status ofthe following sites now designated as full SACs, North-West Rockall Bank SAC, Wyville-Thomson Ridge SAC, Pobie Bank Reef SAC, Solan Bank Reef SAC, East Rockall Bank SAC, Anton Dohrn Seamount SAC, Bassurelle Sandbank SAC, Haisborough, Hammond &amp;amp; Winterton SAC, Inner Dowsing, Race Bank &amp;amp; North Ridge SAC, North Norfolk Sandbanks &amp;amp; Saturn Reef SAC, Dogger Bank SAC, Pisces Reef Complex SAC, and Wight-Barfleur Reef SAC&lt;/SPAN&gt;&lt;/SPAN&gt;&lt;/P&gt;&lt;P&gt;&lt;SPAN&gt;Version&lt;/SPAN&gt;&lt;SPAN /&gt;&lt;SPAN&gt;-&lt;/SPAN&gt;&lt;SPAN /&gt;&lt;SPAN&gt;20170724: New inclusion of Skomer, Skokholm and the Seas off Pembrokeshire / Sgomer, Sgogwm a Moroedd Penfro SPA (formely known as Skokholm and Skomer SPA) following a boundary extension. &lt;/SPAN&gt;&lt;/P&gt;&lt;P&gt;&lt;SPAN&gt;Version&lt;/SPAN&gt;&lt;SPAN /&gt;&lt;SPAN&gt;-&lt;/SPAN&gt;&lt;SPAN /&gt;&lt;SPAN&gt;20170222: Added 5 candidate SACs submitted to the EC for protection of harbour porpoise.Addition of Inner Hebrides and the Minches cSAC.&lt;/SPAN&gt;&lt;/P&gt;&lt;P&gt;&lt;SPAN&gt;Version&lt;/SPAN&gt;&lt;SPAN /&gt;&lt;SPAN&gt;-&lt;/SPAN&gt;&lt;SPAN /&gt;&lt;SPAN&gt;20160127:Update to the status of five offshore sites designated as full SACs. This version also follows the UK's submission of revised Natura2000 Standard Data Forms to the European Commission in Dec 15.&lt;/SPAN&gt;&lt;/P&gt;&lt;P&gt;&lt;SPAN&gt;Version&lt;/SPAN&gt;&lt;SPAN /&gt;&lt;SPAN&gt;-&lt;/SPAN&gt;&lt;SPAN /&gt;&lt;SPAN&gt;20160117:Addition of Tranche 2 Marine Conservation Zones.Addition of Outer Thames Estuary SPA and South Dorset MCZ joint inshore/offshore sites.&lt;/SPAN&gt;&lt;/P&gt;&lt;P&gt;&lt;SPAN&gt;Version&lt;/SPAN&gt;&lt;SPAN /&gt;&lt;SPAN&gt;-&lt;/SPAN&gt;&lt;SPAN /&gt;&lt;SPAN&gt;20150727:Haig Fras boundary change submitted to Europe - changed area, lat and long values.&lt;/SPAN&gt;&lt;/P&gt;&lt;P&gt;&lt;SPAN /&gt;&lt;/P&gt;&lt;/DIV&gt;&lt;/DIV&gt;&lt;/DIV&gt;</idAbs><idCredit>Re-use of the data is subject to the terms of the Open Government Licence v3.0 including attribution of the relevent copyright holders. http://www.nationalarchives.gov.uk/doc/open-government-licence/version/ The site boundaries include sections of UK Exclusive Economic Zone © Crown copyright. The exact limits of the EEZ are set out in The Exclusive Economic Zone Order 2013. If you re-use this information you must acknowledge the source in your product or application by including or linking to the following attribution statement: Contains Joint Nature Conservation Committee data © copyright and database right 2020. Contains Natural England data © copyright and database right 2020. Contains NatureScot data © copyright and database right 2020. Contains Natural Resource Wales data © copyright and database right 2020. Contains Northern Ireland Environment Agency data © copyright and database right 2020. Contains Scottish Government (Marine Scotland) data © copyright and database right [2020].
Contains UK Hydrographic Office data © copyright and database right 2020. Contains Ordnance Survey data © copyright and database right 2020.</idCredit><resConst><Consts><useLimit>&lt;DIV STYLE="text-align:Left;"&gt;&lt;DIV&gt;&lt;DIV&gt;&lt;P&gt;&lt;SPAN&gt;Re-use of the data is subject to the terms of the Open Government Licence v3.0 including attribution of the relevent copyright holders. http://www.nationalarchives.gov.uk/doc/open-government-licence/version/ The site boundaries include sections of UK Exclusive Economic Zone © Crown copyright. The exact limits of the EEZ are set out in The Exclusive Economic Zone Order 2013. If you re-use this information you must acknowledge the source in your product or application by including or linking to the following attribution statement: Contains Joint Nature Conservation Committee data © copyright and database right 2020. Contains Natural England data © copyright and database right 2020. Contains &lt;/SPAN&gt;&lt;SPAN&gt;NautreScot &lt;/SPAN&gt;&lt;SPAN&gt;data © copyright and database right 2020. Contains Natural Resource Wales data © copyright and database right 2020. Contains Northern Ireland Environment Agency data © copyright and database right 2020. Contains Scottish Government (Marine Scotland) data © copyright and database right [2020].&lt;/SPAN&gt;&lt;SPAN&gt; &lt;/SPAN&gt;&lt;SPAN&gt;Contains UK Hydrographic Office data © copyright and database right 2020. Contains Ordnance Survey data © copyright and database right 2020.&lt;/SPAN&gt;&lt;/P&gt;&lt;/DIV&gt;&lt;/DIV&gt;&lt;/DIV&gt;</useLimit></Consts></resConst><searchKeys><keyword>UK</keyword><keyword>Marine Protected Area</keyword><keyword>Offshore</keyword><keyword>MPA</keyword><keyword>Nature Conservation MPA</keyword><keyword>SAC</keyword><keyword>MCZ</keyword><keyword>SPA</keyword></searchKeys></dataIdInfo><mdLang><languageCode value="eng" Sync="TRUE"/><countryCode value="GBR" Sync="TRUE"/></mdLang><mdChar><CharSetCd value="004" Sync="TRUE"/></mdChar><distInfo><distFormat><formatName Sync="TRUE">Shapefile</formatName></distFormat><distTranOps><transSize Sync="TRUE">25.096</transSize></distTranOps></distInfo><mdHrLv><ScopeCd value="005" Sync="TRUE"/></mdHrLv><mdHrLvName Sync="TRUE">dataset</mdHrLvName><refSysInfo><RefSystem><refSysID><identCode code="4326" Sync="TRUE"/><idCodeSpace Sync="TRUE">EPSG</idCodeSpace><idVersion Sync="TRUE">7.11.2</idVersion></refSysID></RefSystem></refSysInfo><spatRepInfo><VectSpatRep><geometObjs Name="c20201214_OffshoreMPAs_WGS84"><geoObjTyp><GeoObjTypCd value="002" Sync="TRUE"></GeoObjTypCd></geoObjTyp><geoObjCnt Sync="TRUE">76</geoObjCnt></geometObjs><topLvl><TopoLevCd value="001" Sync="TRUE"></TopoLevCd></topLvl></VectSpatRep></spatRepInfo><spdoinfo><ptvctinf><esriterm Name="c20201214_OffshoreMPAs_WGS84"><efeatyp Sync="TRUE">Simple</efeatyp><efeageom code="4" Sync="TRUE"></efeageom><esritopo Sync="TRUE">FALSE</esritopo><efeacnt Sync="TRUE">76</efeacnt><spindex Sync="TRUE">FALSE</spindex><linrefer Sync="TRUE">FALSE</linrefer></esriterm></ptvctinf></spdoinfo><eainfo><detailed Name="c20201214_OffshoreMPAs_WGS84"><enttyp><enttypl Sync="TRUE">c20201214_OffshoreMPAs_WGS84</enttypl><enttypt Sync="TRUE">Feature Class</enttypt><enttypc Sync="TRUE">76</enttypc></enttyp><attr><attrlabl Sync="TRUE">FID</attrlabl><attalias Sync="TRUE">FID</attalias><attrtype Sync="TRUE">OID</attrtype><attwidth Sync="TRUE">4</attwidth><atprecis Sync="TRUE">0</atprecis><attscale Sync="TRUE">0</attscale><attrdef Sync="TRUE">Internal feature number.</attrdef><attrdefs Sync="TRUE">Esri</attrdefs><attrdomv><udom Sync="TRUE">Sequential unique whole numbers that are automatically generated.</udom></attrdomv></attr><attr><attrlabl Sync="TRUE">Shape</attrlabl><attalias Sync="TRUE">Shape</attalias><attrtype Sync="TRUE">Geometry</attrtype><attwidth Sync="TRUE">0</attwidth><atprecis Sync="TRUE">0</atprecis><attscale Sync="TRUE">0</attscale><attrdef Sync="TRUE">Feature geometry.</attrdef><attrdefs Sync="TRUE">Esri</attrdefs><attrdomv><udom Sync="TRUE">Coordinates defining the features.</udom></attrdomv></attr><attr><attrlabl Sync="TRUE">SITE_CODE</attrlabl><attalias Sync="TRUE">SITE_CODE</attalias><attrtype Sync="TRUE">String</attrtype><attwidth Sync="TRUE">254</attwidth><atprecis Sync="TRUE">0</atprecis><attscale Sync="TRUE">0</attscale></attr><attr><attrlabl Sync="TRUE">SITE_NAME</attrlabl><attalias Sync="TRUE">SITE_NAME</attalias><attrtype Sync="TRUE">String</attrtype><attwidth Sync="TRUE">254</attwidth><atprecis Sync="TRUE">0</atprecis><attscale Sync="TRUE">0</attscale></attr><attr><attrlabl Sync="TRUE">SITE_STATU</attrlabl><attalias Sync="TRUE">SITE_STATU</attalias><attrtype Sync="TRUE">String</attrtype><attwidth Sync="TRUE">254</attwidth><atprecis Sync="TRUE">0</atprecis><attscale Sync="TRUE">0</attscale></attr><attr><attrlabl Sync="TRUE">Country</attrlabl><attalias Sync="TRUE">Country</attalias><attrtype Sync="TRUE">String</attrtype><attwidth Sync="TRUE">254</attwidth><atprecis Sync="TRUE">0</atprecis><attscale Sync="TRUE">0</attscale></attr><attr><attrlabl Sync="TRUE">CP2_REGION</attrlabl><attalias Sync="TRUE">CP2_REGION</attalias><attrtype Sync="TRUE">String</attrtype><attwidth Sync="TRUE">254</attwidth><atprecis Sync="TRUE">0</atprecis><attscale Sync="TRUE">0</attscale></attr><attr><attrlabl Sync="TRUE">AREA_HA</attrlabl><attalias Sync="TRUE">AREA_HA</attalias><attrtype Sync="TRUE">Double</attrtype><attwidth Sync="TRUE">19</attwidth><atprecis Sync="TRUE">18</atprecis><attscale Sync="TRUE">15</attscale></attr><attr><attrlabl Sync="TRUE">LONG_dd</attrlabl><attalias Sync="TRUE">LONG_dd</attalias><attrtype Sync="TRUE">Double</attrtype><attwidth Sync="TRUE">19</attwidth><atprecis Sync="TRUE">18</atprecis><attscale Sync="TRUE">11</attscale></attr><attr><attrlabl Sync="TRUE">LAT_dd</attrlabl><attalias Sync="TRUE">LAT_dd</attalias><attrtype Sync="TRUE">Double</attrtype><attwidth Sync="TRUE">19</attwidth><atprecis Sync="TRUE">18</atprecis><attscale Sync="TRUE">11</attscale></attr><attr><attrlabl Sync="TRUE">Agency</attrlabl><attalias Sync="TRUE">Agency</attalias><attrtype Sync="TRUE">String</attrtype><attwidth Sync="TRUE">254</attwidth><atprecis Sync="TRUE">0</atprecis><attscale Sync="TRUE">0</attscale></attr><attr><attrlabl Sync="TRUE">PreDesCode</attrlabl><attalias Sync="TRUE">PreDesCode</attalias><attrtype Sync="TRUE">String</attrtype><attwidth Sync="TRUE">254</attwidth><atprecis Sync="TRUE">0</atprecis><attscale Sync="TRUE">0</attscale></attr><attr><attrlabl Sync="TRUE">WDPA_CODE</attrlabl><attalias Sync="TRUE">WDPA_CODE</attalias><attrtype Sync="TRUE">String</attrtype><attwidth Sync="TRUE">50</attwidth><atprecis Sync="TRUE">0</atprecis><attscale Sync="TRUE">0</attscale></attr><attr><attrlabl Sync="TRUE">NonMarFeat</attrlabl><attalias Sync="TRUE">NonMarFeat</attalias><attrtype Sync="TRUE">String</attrtype><attwidth Sync="TRUE">254</attwidth><atprecis Sync="TRUE">0</atprecis><attscale Sync="TRUE">0</attscale></attr><attr><attrlabl Sync="TRUE">EST_DATE</attrlabl><attalias Sync="TRUE">EST_DATE</attalias><attrtype Sync="TRUE">String</attrtype><attwidth Sync="TRUE">50</attwidth><atprecis Sync="TRUE">0</atprecis><attscale Sync="TRUE">0</attscale></attr></detailed></eainfo><mdDateSt Sync="TRUE">20201218</mdDateSt></metadata>
